Entity;Metric;Date/Time;Value;;Entity;Metric;Date/Time;Value;;Entity;Metric;Date/Time;Value
EVM-PWEB02-RNEC;Minimum CPU Load (%);16/12/2021 4:49;0;;EVM-PWEB02-RNEC;Peak CPU Load (%);16/12/2021 4:49;3;;EVM-PWEB02-RNEC;Average CPU Load (%);16/12/2021 4:49;0
EVM-PWEB02-RNEC;Minimum CPU Load (%);17/12/2021 5:49;0;;EVM-PWEB02-RNEC;Peak CPU Load (%);17/12/2021 5:49;1;;EVM-PWEB02-RNEC;Average CPU Load (%);17/12/2021 5:49;0
EVM-PWEB02-RNEC;Minimum CPU Load (%);18/12/2021 0:34;0;;EVM-PWEB02-RNEC;Peak CPU Load (%);18/12/2021 0:34;1;;EVM-PWEB02-RNEC;Average CPU Load (%);18/12/2021 0:34;0
EVM-PWEB02-RNEC;Minimum CPU Load (%);19/12/2021 1:34;0;;EVM-PWEB02-RNEC;Peak CPU Load (%);19/12/2021 1:34;1;;EVM-PWEB02-RNEC;Average CPU Load (%);19/12/2021 1:34;0
EVM-PWEB02-RNEC;Minimum CPU Load (%);20/12/2021 2:34;0;;EVM-PWEB02-RNEC;Peak CPU Load (%);20/12/2021 2:34;1;;EVM-PWEB02-RNEC;Average CPU Load (%);20/12/2021 2:34;0
EVM-PWEB02-RNEC;Minimum CPU Load (%);21/12/2021 3:34;0;;EVM-PWEB02-RNEC;Peak CPU Load (%);21/12/2021 3:34;1;;EVM-PWEB02-RNEC;Average CPU Load (%);21/12/2021 3:34;0
EVM-PWEB02-RNEC;Minimum CPU Load (%);22/12/2021 4:34;0;;EVM-PWEB02-RNEC;Peak CPU Load (%);22/12/2021 4:34;2;;EVM-PWEB02-RNEC;Average CPU Load (%);22/12/2021 4:34;0
EVM-PWEB02-RNEC;Minimum CPU Load (%);23/12/2021 5:34;0;;EVM-PWEB02-RNEC;Peak CPU Load (%);23/12/2021 5:34;1;;EVM-PWEB02-RNEC;Average CPU Load (%);23/12/2021 5:34;0
EVM-PWEB02-RNEC;Minimum CPU Load (%);24/12/2021 0:19;0;;EVM-PWEB02-RNEC;Peak CPU Load (%);24/12/2021 0:19;1;;EVM-PWEB02-RNEC;Average CPU Load (%);24/12/2021 0:19;0
EVM-PWEB02-RNEC;Minimum CPU Load (%);25/12/2021 1:19;0;;EVM-PWEB02-RNEC;Peak CPU Load (%);25/12/2021 1:19;1;;EVM-PWEB02-RNEC;Average CPU Load (%);25/12/2021 1:19;0
EVM-PWEB02-RNEC;Minimum CPU Load (%);26/12/2021 2:19;0;;EVM-PWEB02-RNEC;Peak CPU Load (%);26/12/2021 2:19;1;;EVM-PWEB02-RNEC;Average CPU Load (%);26/12/2021 2:19;0
EVM-PWEB02-RNEC;Minimum CPU Load (%);27/12/2021 3:19;0;;EVM-PWEB02-RNEC;Peak CPU Load (%);27/12/2021 3:19;1;;EVM-PWEB02-RNEC;Average CPU Load (%);27/12/2021 3:19;0
EVM-PWEB02-RNEC;Minimum CPU Load (%);28/12/2021 4:19;0;;EVM-PWEB02-RNEC;Peak CPU Load (%);28/12/2021 4:19;1;;EVM-PWEB02-RNEC;Average CPU Load (%);28/12/2021 4:19;0
EVM-PWEB02-RNEC;Minimum CPU Load (%);29/12/2021 5:19;0;;EVM-PWEB02-RNEC;Peak CPU Load (%);29/12/2021 5:19;1;;EVM-PWEB02-RNEC;Average CPU Load (%);29/12/2021 5:19;0
EVM-PWEB02-RNEC;Minimum CPU Load (%);30/12/2021 0:04;1;;EVM-PWEB02-RNEC;Peak CPU Load (%);30/12/2021 0:04;1;;EVM-PWEB02-RNEC;Average CPU Load (%);30/12/2021 0:04;1
EVM-PWEB02-RNEC;Minimum CPU Load (%);31/12/2021 1:04;1;;EVM-PWEB02-RNEC;Peak CPU Load (%);31/12/2021 1:04;1;;EVM-PWEB02-RNEC;Average CPU Load (%);31/12/2021 1:04;1
EVM-PWEB02-RNEC;Minimum CPU Load (%);1/01/2022 2:04;1;;EVM-PWEB02-RNEC;Peak CPU Load (%);1/01/2022 2:04;1;;EVM-PWEB02-RNEC;Average CPU Load (%);1/01/2022 2:04;1
EVM-PWEB02-RNEC;Minimum CPU Load (%);2/01/2022 3:04;1;;EVM-PWEB02-RNEC;Peak CPU Load (%);2/01/2022 3:04;1;;EVM-PWEB02-RNEC;Average CPU Load (%);2/01/2022 3:04;1
EVM-PWEB02-RNEC;Minimum CPU Load (%);3/01/2022 4:04;1;;EVM-PWEB02-RNEC;Peak CPU Load (%);3/01/2022 4:04;1;;EVM-PWEB02-RNEC;Average CPU Load (%);3/01/2022 4:04;1
EVM-PWEB02-RNEC;Minimum CPU Load (%);4/01/2022 5:04;0;;EVM-PWEB02-RNEC;Peak CPU Load (%);4/01/2022 5:04;1;;EVM-PWEB02-RNEC;Average CPU Load (%);4/01/2022 5:04;0
EVM-PWEB02-RNEC;Minimum CPU Load (%);5/01/2022 6:04;0;;EVM-PWEB02-RNEC;Peak CPU Load (%);5/01/2022 6:04;2;;EVM-PWEB02-RNEC;Average CPU Load (%);5/01/2022 6:04;0
EVM-PWEB02-RNEC;Minimum CPU Load (%);6/01/2022 0:49;0;;EVM-PWEB02-RNEC;Peak CPU Load (%);6/01/2022 0:49;2;;EVM-PWEB02-RNEC;Average CPU Load (%);6/01/2022 0:49;0
EVM-PWEB02-RNEC;Minimum CPU Load (%);7/01/2022 1:49;0;;EVM-PWEB02-RNEC;Peak CPU Load (%);7/01/2022 1:49;1;;EVM-PWEB02-RNEC;Average CPU Load (%);7/01/2022 1:49;0
EVM-PWEB02-RNEC;Minimum CPU Load (%);8/01/2022 2:49;0;;EVM-PWEB02-RNEC;Peak CPU Load (%);8/01/2022 2:49;1;;EVM-PWEB02-RNEC;Average CPU Load (%);8/01/2022 2:49;0
EVM-PWEB02-RNEC;Minimum CPU Load (%);9/01/2022 3:49;0;;EVM-PWEB02-RNEC;Peak CPU Load (%);9/01/2022 3:49;1;;EVM-PWEB02-RNEC;Average CPU Load (%);9/01/2022 3:49;0
EVM-PWEB02-RNEC;Minimum CPU Load (%);10/01/2022 4:49;0;;EVM-PWEB02-RNEC;Peak CPU Load (%);10/01/2022 4:49;1;;EVM-PWEB02-RNEC;Average CPU Load (%);10/01/2022 4:49;0
EVM-PWEB02-RNEC;Minimum CPU Load (%);11/01/2022 5:49;0;;EVM-PWEB02-RNEC;Peak CPU Load (%);11/01/2022 5:49;1;;EVM-PWEB02-RNEC;Average CPU Load (%);11/01/2022 5:49;0
EVM-PWEB02-RNEC;Minimum CPU Load (%);12/01/2022 0:34;0;;EVM-PWEB02-RNEC;Peak CPU Load (%);12/01/2022 0:34;1;;EVM-PWEB02-RNEC;Average CPU Load (%);12/01/2022 0:34;0
EVM-PWEB02-RNEC;Minimum CPU Load (%);13/01/2022 1:34;0;;EVM-PWEB02-RNEC;Peak CPU Load (%);13/01/2022 1:34;1;;EVM-PWEB02-RNEC;Average CPU Load (%);13/01/2022 1:34;0
EVM-PWEB02-RNEC;Minimum CPU Load (%);14/01/2022 2:34;0;;EVM-PWEB02-RNEC;Peak CPU Load (%);14/01/2022 2:34;1;;EVM-PWEB02-RNEC;Average CPU Load (%);14/01/2022 2:34;0
EVM-PWEB02-RNEC;Minimum CPU Load (%);15/01/2022 3:34;0;;EVM-PWEB02-RNEC;Peak CPU Load (%);15/01/2022 3:34;1;;EVM-PWEB02-RNEC;Average CPU Load (%);15/01/2022 3:34;0
EVM-PWEB02-RNEC;Minimum CPU Load (%);16/01/2022 4:34;0;;EVM-PWEB02-RNEC;Peak CPU Load (%);16/01/2022 4:34;1;;EVM-PWEB02-RNEC;Average CPU Load (%);16/01/2022 4:34;0
EVM-PWEB02-RNEC;Minimum CPU Load (%);17/01/2022 5:34;0;;EVM-PWEB02-RNEC;Peak CPU Load (%);17/01/2022 5:34;1;;EVM-PWEB02-RNEC;Average CPU Load (%);17/01/2022 5:34;0
EVM-PWEB02-RNEC;Minimum CPU Load (%);18/01/2022 0:19;0;;EVM-PWEB02-RNEC;Peak CPU Load (%);18/01/2022 0:19;1;;EVM-PWEB02-RNEC;Average CPU Load (%);18/01/2022 0:19;0
EVM-PWEB02-RNEC;Minimum CPU Load (%);18/01/2022 6:34;0;;EVM-PWEB02-RNEC;Peak CPU Load (%);18/01/2022 6:34;1;;EVM-PWEB02-RNEC;Average CPU Load (%);18/01/2022 6:34;0.5
EVM-PWEB02-RNEC;Minimum CPU Load (%);18/01/2022 12:49;0;;EVM-PWEB02-RNEC;Peak CPU Load (%);18/01/2022 12:49;1;;EVM-PWEB02-RNEC;Average CPU Load (%);18/01/2022 12:49;0.166666667
EVM-PWEB02-RNEC;Minimum CPU Load (%);18/01/2022 19:04;0;;EVM-PWEB02-RNEC;Peak CPU Load (%);18/01/2022 19:04;1;;EVM-PWEB02-RNEC;Average CPU Load (%);18/01/2022 19:04;0.142857143
EVM-PWEB02-RNEC;Minimum CPU Load (%);19/01/2022 1:19;0;;EVM-PWEB02-RNEC;Peak CPU Load (%);19/01/2022 1:19;1;;EVM-PWEB02-RNEC;Average CPU Load (%);19/01/2022 1:19;0
EVM-PWEB02-RNEC;Minimum CPU Load (%);19/01/2022 7:34;0;;EVM-PWEB02-RNEC;Peak CPU Load (%);19/01/2022 7:34;1;;EVM-PWEB02-RNEC;Average CPU Load (%);19/01/2022 7:34;0.166666667
EVM-PWEB02-RNEC;Minimum CPU Load (%);19/01/2022 13:49;0;;EVM-PWEB02-RNEC;Peak CPU Load (%);19/01/2022 13:49;1;;EVM-PWEB02-RNEC;Average CPU Load (%);19/01/2022 13:49;0
EVM-PWEB02-RNEC;Minimum CPU Load (%);19/01/2022 20:04;0;;EVM-PWEB02-RNEC;Peak CPU Load (%);19/01/2022 20:04;1;;EVM-PWEB02-RNEC;Average CPU Load (%);19/01/2022 20:04;0
EVM-PWEB02-RNEC;Minimum CPU Load (%);20/01/2022 2:19;0;;EVM-PWEB02-RNEC;Peak CPU Load (%);20/01/2022 2:19;1;;EVM-PWEB02-RNEC;Average CPU Load (%);20/01/2022 2:19;0
EVM-PWEB02-RNEC;Minimum CPU Load (%);20/01/2022 8:34;0;;EVM-PWEB02-RNEC;Peak CPU Load (%);20/01/2022 8:34;1;;EVM-PWEB02-RNEC;Average CPU Load (%);20/01/2022 8:34;0
EVM-PWEB02-RNEC;Minimum CPU Load (%);20/01/2022 14:49;0;;EVM-PWEB02-RNEC;Peak CPU Load (%);20/01/2022 14:49;1;;EVM-PWEB02-RNEC;Average CPU Load (%);20/01/2022 14:49;0
EVM-PWEB02-RNEC;Minimum CPU Load (%);20/01/2022 21:04;0;;EVM-PWEB02-RNEC;Peak CPU Load (%);20/01/2022 21:04;1;;EVM-PWEB02-RNEC;Average CPU Load (%);20/01/2022 21:04;0.142857143
EVM-PWEB02-RNEC;Minimum CPU Load (%);21/01/2022 3:19;0;;EVM-PWEB02-RNEC;Peak CPU Load (%);21/01/2022 3:19;1;;EVM-PWEB02-RNEC;Average CPU Load (%);21/01/2022 3:19;0.166666667
EVM-PWEB02-RNEC;Minimum CPU Load (%);21/01/2022 9:34;0;;EVM-PWEB02-RNEC;Peak CPU Load (%);21/01/2022 9:34;1;;EVM-PWEB02-RNEC;Average CPU Load (%);21/01/2022 9:34;0.166666667
EVM-PWEB02-RNEC;Minimum CPU Load (%);21/01/2022 15:49;0;;EVM-PWEB02-RNEC;Peak CPU Load (%);21/01/2022 15:49;1;;EVM-PWEB02-RNEC;Average CPU Load (%);21/01/2022 15:49;0.333333333
EVM-PWEB02-RNEC;Minimum CPU Load (%);21/01/2022 22:04;0;;EVM-PWEB02-RNEC;Peak CPU Load (%);21/01/2022 22:04;1;;EVM-PWEB02-RNEC;Average CPU Load (%);21/01/2022 22:04;0.571428571
EVM-PWEB02-RNEC;Minimum CPU Load (%);22/01/2022 4:19;0;;EVM-PWEB02-RNEC;Peak CPU Load (%);22/01/2022 4:19;1;;EVM-PWEB02-RNEC;Average CPU Load (%);22/01/2022 4:19;0.5
EVM-PWEB02-RNEC;Minimum CPU Load (%);22/01/2022 10:34;1;;EVM-PWEB02-RNEC;Peak CPU Load (%);22/01/2022 10:34;1;;EVM-PWEB02-RNEC;Average CPU Load (%);22/01/2022 10:34;1
EVM-PWEB02-RNEC;Minimum CPU Load (%);22/01/2022 16:49;0;;EVM-PWEB02-RNEC;Peak CPU Load (%);22/01/2022 16:49;1;;EVM-PWEB02-RNEC;Average CPU Load (%);22/01/2022 16:49;0.5
EVM-PWEB02-RNEC;Minimum CPU Load (%);22/01/2022 23:04;0;;EVM-PWEB02-RNEC;Peak CPU Load (%);22/01/2022 23:04;1;;EVM-PWEB02-RNEC;Average CPU Load (%);22/01/2022 23:04;0.571428571
EVM-PWEB02-RNEC;Minimum CPU Load (%);23/01/2022 5:19;0;;EVM-PWEB02-RNEC;Peak CPU Load (%);23/01/2022 5:19;1;;EVM-PWEB02-RNEC;Average CPU Load (%);23/01/2022 5:19;0.333333333
EVM-PWEB02-RNEC;Minimum CPU Load (%);23/01/2022 11:34;0;;EVM-PWEB02-RNEC;Peak CPU Load (%);23/01/2022 11:34;1;;EVM-PWEB02-RNEC;Average CPU Load (%);23/01/2022 11:34;0.833333333
EVM-PWEB02-RNEC;Minimum CPU Load (%);23/01/2022 17:49;0;;EVM-PWEB02-RNEC;Peak CPU Load (%);23/01/2022 17:49;1;;EVM-PWEB02-RNEC;Average CPU Load (%);23/01/2022 17:49;0.666666667
EVM-PWEB02-RNEC;Minimum CPU Load (%);24/01/2022 0:04;0;;EVM-PWEB02-RNEC;Peak CPU Load (%);24/01/2022 0:04;1;;EVM-PWEB02-RNEC;Average CPU Load (%);24/01/2022 0:04;0.714285714
EVM-PWEB02-RNEC;Minimum CPU Load (%);24/01/2022 6:19;0;;EVM-PWEB02-RNEC;Peak CPU Load (%);24/01/2022 6:19;1;;EVM-PWEB02-RNEC;Average CPU Load (%);24/01/2022 6:19;0.833333333
EVM-PWEB02-RNEC;Minimum CPU Load (%);24/01/2022 12:34;0;;EVM-PWEB02-RNEC;Peak CPU Load (%);24/01/2022 12:34;1;;EVM-PWEB02-RNEC;Average CPU Load (%);24/01/2022 12:34;0.666666667
EVM-PWEB02-RNEC;Minimum CPU Load (%);24/01/2022 18:49;0;;EVM-PWEB02-RNEC;Peak CPU Load (%);24/01/2022 18:49;1;;EVM-PWEB02-RNEC;Average CPU Load (%);24/01/2022 18:49;0.833333333
EVM-PWEB02-RNEC;Minimum CPU Load (%);25/01/2022 1:04;0;;EVM-PWEB02-RNEC;Peak CPU Load (%);25/01/2022 1:04;1;;EVM-PWEB02-RNEC;Average CPU Load (%);25/01/2022 1:04;0.571428571
EVM-PWEB02-RNEC;Minimum CPU Load (%);25/01/2022 7:19;0;;EVM-PWEB02-RNEC;Peak CPU Load (%);25/01/2022 7:19;1;;EVM-PWEB02-RNEC;Average CPU Load (%);25/01/2022 7:19;0.833333333
EVM-PWEB02-RNEC;Minimum CPU Load (%);25/01/2022 13:34;0;;EVM-PWEB02-RNEC;Peak CPU Load (%);25/01/2022 13:34;1;;EVM-PWEB02-RNEC;Average CPU Load (%);25/01/2022 13:34;0.833333333
EVM-PWEB02-RNEC;Minimum CPU Load (%);25/01/2022 19:49;1;;EVM-PWEB02-RNEC;Peak CPU Load (%);25/01/2022 19:49;1;;EVM-PWEB02-RNEC;Average CPU Load (%);25/01/2022 19:49;1
EVM-PWEB02-RNEC;Minimum CPU Load (%);26/01/2022 2:04;0;;EVM-PWEB02-RNEC;Peak CPU Load (%);26/01/2022 2:04;1;;EVM-PWEB02-RNEC;Average CPU Load (%);26/01/2022 2:04;0.125
EVM-PWEB02-RNEC;Minimum CPU Load (%);26/01/2022 8:19;0;;EVM-PWEB02-RNEC;Peak CPU Load (%);26/01/2022 8:19;1;;EVM-PWEB02-RNEC;Average CPU Load (%);26/01/2022 8:19;0.5
EVM-PWEB02-RNEC;Minimum CPU Load (%);26/01/2022 14:34;0;;EVM-PWEB02-RNEC;Peak CPU Load (%);26/01/2022 14:34;1;;EVM-PWEB02-RNEC;Average CPU Load (%);26/01/2022 14:34;0.666666667
EVM-PWEB02-RNEC;Minimum CPU Load (%);26/01/2022 20:49;0;;EVM-PWEB02-RNEC;Peak CPU Load (%);26/01/2022 20:49;1;;EVM-PWEB02-RNEC;Average CPU Load (%);26/01/2022 20:49;0.833333333
EVM-PWEB02-RNEC;Minimum CPU Load (%);27/01/2022 3:04;0;;EVM-PWEB02-RNEC;Peak CPU Load (%);27/01/2022 3:04;1;;EVM-PWEB02-RNEC;Average CPU Load (%);27/01/2022 3:04;0.714285714
EVM-PWEB02-RNEC;Minimum CPU Load (%);27/01/2022 9:19;0;;EVM-PWEB02-RNEC;Peak CPU Load (%);27/01/2022 9:19;1;;EVM-PWEB02-RNEC;Average CPU Load (%);27/01/2022 9:19;0.666666667
EVM-PWEB02-RNEC;Minimum CPU Load (%);27/01/2022 15:34;0;;EVM-PWEB02-RNEC;Peak CPU Load (%);27/01/2022 15:34;1;;EVM-PWEB02-RNEC;Average CPU Load (%);27/01/2022 15:34;0.666666667
EVM-PWEB02-RNEC;Minimum CPU Load (%);27/01/2022 21:49;0;;EVM-PWEB02-RNEC;Peak CPU Load (%);27/01/2022 21:49;1;;EVM-PWEB02-RNEC;Average CPU Load (%);27/01/2022 21:49;0.666666667
EVM-PWEB02-RNEC;Minimum CPU Load (%);28/01/2022 4:04;0;;EVM-PWEB02-RNEC;Peak CPU Load (%);28/01/2022 4:04;1;;EVM-PWEB02-RNEC;Average CPU Load (%);28/01/2022 4:04;0.714285714
EVM-PWEB02-RNEC;Minimum CPU Load (%);28/01/2022 10:19;1;;EVM-PWEB02-RNEC;Peak CPU Load (%);28/01/2022 10:19;1;;EVM-PWEB02-RNEC;Average CPU Load (%);28/01/2022 10:19;1
EVM-PWEB02-RNEC;Minimum CPU Load (%);28/01/2022 16:34;0;;EVM-PWEB02-RNEC;Peak CPU Load (%);28/01/2022 16:34;1;;EVM-PWEB02-RNEC;Average CPU Load (%);28/01/2022 16:34;0.666666667
EVM-PWEB02-RNEC;Minimum CPU Load (%);28/01/2022 22:49;0;;EVM-PWEB02-RNEC;Peak CPU Load (%);28/01/2022 22:49;1;;EVM-PWEB02-RNEC;Average CPU Load (%);28/01/2022 22:49;0.666666667
EVM-PWEB02-RNEC;Minimum CPU Load (%);29/01/2022 5:04;0;;EVM-PWEB02-RNEC;Peak CPU Load (%);29/01/2022 5:04;4;;EVM-PWEB02-RNEC;Average CPU Load (%);29/01/2022 5:04;0.714285714
EVM-PWEB02-RNEC;Minimum CPU Load (%);29/01/2022 11:19;0;;EVM-PWEB02-RNEC;Peak CPU Load (%);29/01/2022 11:19;1;;EVM-PWEB02-RNEC;Average CPU Load (%);29/01/2022 11:19;0.833333333
EVM-PWEB02-RNEC;Minimum CPU Load (%);29/01/2022 17:34;0;;EVM-PWEB02-RNEC;Peak CPU Load (%);29/01/2022 17:34;1;;EVM-PWEB02-RNEC;Average CPU Load (%);29/01/2022 17:34;0.828571429
EVM-PWEB02-RNEC;Minimum CPU Load (%);29/01/2022 23:49;0;;EVM-PWEB02-RNEC;Peak CPU Load (%);29/01/2022 23:49;1;;EVM-PWEB02-RNEC;Average CPU Load (%);29/01/2022 23:49;0
EVM-PWEB02-RNEC;Minimum CPU Load (%);30/01/2022 6:04;0;;EVM-PWEB02-RNEC;Peak CPU Load (%);30/01/2022 6:04;1;;EVM-PWEB02-RNEC;Average CPU Load (%);30/01/2022 6:04;0.43902439
EVM-PWEB02-RNEC;Minimum CPU Load (%);30/01/2022 12:19;0;;EVM-PWEB02-RNEC;Peak CPU Load (%);30/01/2022 12:19;1;;EVM-PWEB02-RNEC;Average CPU Load (%);30/01/2022 12:19;0.666666667
EVM-PWEB02-RNEC;Minimum CPU Load (%);30/01/2022 18:34;1;;EVM-PWEB02-RNEC;Peak CPU Load (%);30/01/2022 18:34;1;;EVM-PWEB02-RNEC;Average CPU Load (%);30/01/2022 18:34;1
EVM-PWEB02-RNEC;Minimum CPU Load (%);31/01/2022 0:49;1;;EVM-PWEB02-RNEC;Peak CPU Load (%);31/01/2022 0:49;1;;EVM-PWEB02-RNEC;Average CPU Load (%);31/01/2022 0:49;1
EVM-PWEB02-RNEC;Minimum CPU Load (%);31/01/2022 7:04;1;;EVM-PWEB02-RNEC;Peak CPU Load (%);31/01/2022 7:04;2;;EVM-PWEB02-RNEC;Average CPU Load (%);31/01/2022 7:04;1
EVM-PWEB02-RNEC;Minimum CPU Load (%);31/01/2022 13:19;0;;EVM-PWEB02-RNEC;Peak CPU Load (%);31/01/2022 13:19;1;;EVM-PWEB02-RNEC;Average CPU Load (%);31/01/2022 13:19;0.833333333
EVM-PWEB02-RNEC;Minimum CPU Load (%);31/01/2022 19:34;1;;EVM-PWEB02-RNEC;Peak CPU Load (%);31/01/2022 19:34;1;;EVM-PWEB02-RNEC;Average CPU Load (%);31/01/2022 19:34;1
EVM-PWEB02-RNEC;Minimum CPU Load (%);1/02/2022 1:49;0;;EVM-PWEB02-RNEC;Peak CPU Load (%);1/02/2022 1:49;1;;EVM-PWEB02-RNEC;Average CPU Load (%);1/02/2022 1:49;0.833333333
EVM-PWEB02-RNEC;Minimum CPU Load (%);1/02/2022 8:04;1;;EVM-PWEB02-RNEC;Peak CPU Load (%);1/02/2022 8:04;4;;EVM-PWEB02-RNEC;Average CPU Load (%);1/02/2022 8:04;1
EVM-PWEB02-RNEC;Minimum CPU Load (%);1/02/2022 14:19;1;;EVM-PWEB02-RNEC;Peak CPU Load (%);1/02/2022 14:19;1;;EVM-PWEB02-RNEC;Average CPU Load (%);1/02/2022 14:19;1
EVM-PWEB02-RNEC;Minimum CPU Load (%);1/02/2022 20:34;1;;EVM-PWEB02-RNEC;Peak CPU Load (%);1/02/2022 20:34;1;;EVM-PWEB02-RNEC;Average CPU Load (%);1/02/2022 20:34;1
EVM-PWEB02-RNEC;Minimum CPU Load (%);2/02/2022 2:49;0;;EVM-PWEB02-RNEC;Peak CPU Load (%);2/02/2022 2:49;4;;EVM-PWEB02-RNEC;Average CPU Load (%);2/02/2022 2:49;0.833333333
EVM-PWEB02-RNEC;Minimum CPU Load (%);2/02/2022 9:04;0;;EVM-PWEB02-RNEC;Peak CPU Load (%);2/02/2022 9:04;1;;EVM-PWEB02-RNEC;Average CPU Load (%);2/02/2022 9:04;0.285714286
EVM-PWEB02-RNEC;Minimum CPU Load (%);2/02/2022 15:19;0;;EVM-PWEB02-RNEC;Peak CPU Load (%);2/02/2022 15:19;1;;EVM-PWEB02-RNEC;Average CPU Load (%);2/02/2022 15:19;0.666666667
EVM-PWEB02-RNEC;Minimum CPU Load (%);2/02/2022 21:34;1;;EVM-PWEB02-RNEC;Peak CPU Load (%);2/02/2022 21:34;1;;EVM-PWEB02-RNEC;Average CPU Load (%);2/02/2022 21:34;1
EVM-PWEB02-RNEC;Minimum CPU Load (%);3/02/2022 3:49;0;;EVM-PWEB02-RNEC;Peak CPU Load (%);3/02/2022 3:49;4;;EVM-PWEB02-RNEC;Average CPU Load (%);3/02/2022 3:49;0.333333333
EVM-PWEB02-RNEC;Minimum CPU Load (%);3/02/2022 10:04;0;;EVM-PWEB02-RNEC;Peak CPU Load (%);3/02/2022 10:04;1;;EVM-PWEB02-RNEC;Average CPU Load (%);3/02/2022 10:04;0.571428571
EVM-PWEB02-RNEC;Minimum CPU Load (%);3/02/2022 16:19;0;;EVM-PWEB02-RNEC;Peak CPU Load (%);3/02/2022 16:19;1;;EVM-PWEB02-RNEC;Average CPU Load (%);3/02/2022 16:19;0.5
EVM-PWEB02-RNEC;Minimum CPU Load (%);3/02/2022 22:34;0;;EVM-PWEB02-RNEC;Peak CPU Load (%);3/02/2022 22:34;1;;EVM-PWEB02-RNEC;Average CPU Load (%);3/02/2022 22:34;0.166666667
EVM-PWEB02-RNEC;Minimum CPU Load (%);4/02/2022 4:49;0;;EVM-PWEB02-RNEC;Peak CPU Load (%);4/02/2022 4:49;4;;EVM-PWEB02-RNEC;Average CPU Load (%);4/02/2022 4:49;0.333333333
EVM-PWEB02-RNEC;Minimum CPU Load (%);4/02/2022 11:04;0;;EVM-PWEB02-RNEC;Peak CPU Load (%);4/02/2022 11:04;1;;EVM-PWEB02-RNEC;Average CPU Load (%);4/02/2022 11:04;0.285714286
EVM-PWEB02-RNEC;Minimum CPU Load (%);4/02/2022 17:19;0;;EVM-PWEB02-RNEC;Peak CPU Load (%);4/02/2022 17:19;1;;EVM-PWEB02-RNEC;Average CPU Load (%);4/02/2022 17:19;0
EVM-PWEB02-RNEC;Minimum CPU Load (%);4/02/2022 23:34;0;;EVM-PWEB02-RNEC;Peak CPU Load (%);4/02/2022 23:34;1;;EVM-PWEB02-RNEC;Average CPU Load (%);4/02/2022 23:34;0.5
EVM-PWEB02-RNEC;Minimum CPU Load (%);5/02/2022 5:49;0;;EVM-PWEB02-RNEC;Peak CPU Load (%);5/02/2022 5:49;4;;EVM-PWEB02-RNEC;Average CPU Load (%);5/02/2022 5:49;0.333333333
EVM-PWEB02-RNEC;Minimum CPU Load (%);5/02/2022 12:04;0;;EVM-PWEB02-RNEC;Peak CPU Load (%);5/02/2022 12:04;1;;EVM-PWEB02-RNEC;Average CPU Load (%);5/02/2022 12:04;0
EVM-PWEB02-RNEC;Minimum CPU Load (%);5/02/2022 18:19;0;;EVM-PWEB02-RNEC;Peak CPU Load (%);5/02/2022 18:19;1;;EVM-PWEB02-RNEC;Average CPU Load (%);5/02/2022 18:19;0.5
EVM-PWEB02-RNEC;Minimum CPU Load (%);6/02/2022 0:34;0;;EVM-PWEB02-RNEC;Peak CPU Load (%);6/02/2022 0:34;1;;EVM-PWEB02-RNEC;Average CPU Load (%);6/02/2022 0:34;0
EVM-PWEB02-RNEC;Minimum CPU Load (%);6/02/2022 6:49;0;;EVM-PWEB02-RNEC;Peak CPU Load (%);6/02/2022 6:49;4;;EVM-PWEB02-RNEC;Average CPU Load (%);6/02/2022 6:49;0.333333333
EVM-PWEB02-RNEC;Minimum CPU Load (%);6/02/2022 13:04;0;;EVM-PWEB02-RNEC;Peak CPU Load (%);6/02/2022 13:04;1;;EVM-PWEB02-RNEC;Average CPU Load (%);6/02/2022 13:04;0
EVM-PWEB02-RNEC;Minimum CPU Load (%);6/02/2022 19:19;0;;EVM-PWEB02-RNEC;Peak CPU Load (%);6/02/2022 19:19;1;;EVM-PWEB02-RNEC;Average CPU Load (%);6/02/2022 19:19;0
EVM-PWEB02-RNEC;Minimum CPU Load (%);7/02/2022 1:34;0;;EVM-PWEB02-RNEC;Peak CPU Load (%);7/02/2022 1:34;1;;EVM-PWEB02-RNEC;Average CPU Load (%);7/02/2022 1:34;0
EVM-PWEB02-RNEC;Minimum CPU Load (%);7/02/2022 7:49;0;;EVM-PWEB02-RNEC;Peak CPU Load (%);7/02/2022 7:49;5;;EVM-PWEB02-RNEC;Average CPU Load (%);7/02/2022 7:49;0.166666667
EVM-PWEB02-RNEC;Minimum CPU Load (%);7/02/2022 14:04;0;;EVM-PWEB02-RNEC;Peak CPU Load (%);7/02/2022 14:04;1;;EVM-PWEB02-RNEC;Average CPU Load (%);7/02/2022 14:04;0.285714286
EVM-PWEB02-RNEC;Minimum CPU Load (%);7/02/2022 20:19;0;;EVM-PWEB02-RNEC;Peak CPU Load (%);7/02/2022 20:19;1;;EVM-PWEB02-RNEC;Average CPU Load (%);7/02/2022 20:19;0.5
EVM-PWEB02-RNEC;Minimum CPU Load (%);8/02/2022 2:34;0;;EVM-PWEB02-RNEC;Peak CPU Load (%);8/02/2022 2:34;4;;EVM-PWEB02-RNEC;Average CPU Load (%);8/02/2022 2:34;0.333333333
EVM-PWEB02-RNEC;Minimum CPU Load (%);8/02/2022 8:49;0;;EVM-PWEB02-RNEC;Peak CPU Load (%);8/02/2022 8:49;1;;EVM-PWEB02-RNEC;Average CPU Load (%);8/02/2022 8:49;0.166666667
EVM-PWEB02-RNEC;Minimum CPU Load (%);8/02/2022 15:04;0;;EVM-PWEB02-RNEC;Peak CPU Load (%);8/02/2022 15:04;1;;EVM-PWEB02-RNEC;Average CPU Load (%);8/02/2022 15:04;0.285714286
EVM-PWEB02-RNEC;Minimum CPU Load (%);8/02/2022 21:19;0;;EVM-PWEB02-RNEC;Peak CPU Load (%);8/02/2022 21:19;1;;EVM-PWEB02-RNEC;Average CPU Load (%);8/02/2022 21:19;0.5
EVM-PWEB02-RNEC;Minimum CPU Load (%);9/02/2022 3:34;0;;EVM-PWEB02-RNEC;Peak CPU Load (%);9/02/2022 3:34;4;;EVM-PWEB02-RNEC;Average CPU Load (%);9/02/2022 3:34;0.666666667
EVM-PWEB02-RNEC;Minimum CPU Load (%);9/02/2022 9:49;0;;EVM-PWEB02-RNEC;Peak CPU Load (%);9/02/2022 9:49;1;;EVM-PWEB02-RNEC;Average CPU Load (%);9/02/2022 9:49;0.166666667
EVM-PWEB02-RNEC;Minimum CPU Load (%);9/02/2022 16:04;0;;EVM-PWEB02-RNEC;Peak CPU Load (%);9/02/2022 16:04;1;;EVM-PWEB02-RNEC;Average CPU Load (%);9/02/2022 16:04;0.428571429
EVM-PWEB02-RNEC;Minimum CPU Load (%);9/02/2022 22:19;0;;EVM-PWEB02-RNEC;Peak CPU Load (%);9/02/2022 22:19;1;;EVM-PWEB02-RNEC;Average CPU Load (%);9/02/2022 22:19;0.666666667
EVM-PWEB02-RNEC;Minimum CPU Load (%);10/02/2022 4:34;1;;EVM-PWEB02-RNEC;Peak CPU Load (%);10/02/2022 4:34;4;;EVM-PWEB02-RNEC;Average CPU Load (%);10/02/2022 4:34;1.088235294
EVM-PWEB02-RNEC;Minimum CPU Load (%);10/02/2022 10:49;0;;EVM-PWEB02-RNEC;Peak CPU Load (%);10/02/2022 10:49;1;;EVM-PWEB02-RNEC;Average CPU Load (%);10/02/2022 10:49;0.864864865
EVM-PWEB02-RNEC;Minimum CPU Load (%);10/02/2022 17:04;0;;EVM-PWEB02-RNEC;Peak CPU Load (%);10/02/2022 17:04;1;;EVM-PWEB02-RNEC;Average CPU Load (%);10/02/2022 17:04;0.947368421
EVM-PWEB02-RNEC;Minimum CPU Load (%);10/02/2022 23:19;0;;EVM-PWEB02-RNEC;Peak CPU Load (%);10/02/2022 23:19;1;;EVM-PWEB02-RNEC;Average CPU Load (%);10/02/2022 23:19;0.891891892
EVM-PWEB02-RNEC;Minimum CPU Load (%);11/02/2022 5:34;0;;EVM-PWEB02-RNEC;Peak CPU Load (%);11/02/2022 5:34;4;;EVM-PWEB02-RNEC;Average CPU Load (%);11/02/2022 5:34;0.973684211
EVM-PWEB02-RNEC;Minimum CPU Load (%);11/02/2022 11:49;0;;EVM-PWEB02-RNEC;Peak CPU Load (%);11/02/2022 11:49;1;;EVM-PWEB02-RNEC;Average CPU Load (%);11/02/2022 11:49;0.972972973
EVM-PWEB02-RNEC;Minimum CPU Load (%);11/02/2022 18:04;0;;EVM-PWEB02-RNEC;Peak CPU Load (%);11/02/2022 18:04;1;;EVM-PWEB02-RNEC;Average CPU Load (%);11/02/2022 18:04;0.921052632
EVM-PWEB02-RNEC;Minimum CPU Load (%);12/02/2022 0:19;0;;EVM-PWEB02-RNEC;Peak CPU Load (%);12/02/2022 0:19;1;;EVM-PWEB02-RNEC;Average CPU Load (%);12/02/2022 0:19;0.945945946
EVM-PWEB02-RNEC;Minimum CPU Load (%);12/02/2022 6:34;0;;EVM-PWEB02-RNEC;Peak CPU Load (%);12/02/2022 6:34;4;;EVM-PWEB02-RNEC;Average CPU Load (%);12/02/2022 6:34;1.027027027
EVM-PWEB02-RNEC;Minimum CPU Load (%);12/02/2022 12:49;0;;EVM-PWEB02-RNEC;Peak CPU Load (%);12/02/2022 12:49;1;;EVM-PWEB02-RNEC;Average CPU Load (%);12/02/2022 12:49;0.918918919
EVM-PWEB02-RNEC;Minimum CPU Load (%);12/02/2022 19:04;0;;EVM-PWEB02-RNEC;Peak CPU Load (%);12/02/2022 19:04;1;;EVM-PWEB02-RNEC;Average CPU Load (%);12/02/2022 19:04;0.947368421
EVM-PWEB02-RNEC;Minimum CPU Load (%);13/02/2022 1:19;0;;EVM-PWEB02-RNEC;Peak CPU Load (%);13/02/2022 1:19;1;;EVM-PWEB02-RNEC;Average CPU Load (%);13/02/2022 1:19;0.864864865
EVM-PWEB02-RNEC;Minimum CPU Load (%);13/02/2022 7:34;0;;EVM-PWEB02-RNEC;Peak CPU Load (%);13/02/2022 7:34;4;;EVM-PWEB02-RNEC;Average CPU Load (%);13/02/2022 7:34;0.947368421
EVM-PWEB02-RNEC;Minimum CPU Load (%);13/02/2022 13:49;0;;EVM-PWEB02-RNEC;Peak CPU Load (%);13/02/2022 13:49;1;;EVM-PWEB02-RNEC;Average CPU Load (%);13/02/2022 13:49;0.621621622
EVM-PWEB02-RNEC;Minimum CPU Load (%);13/02/2022 20:04;0;;EVM-PWEB02-RNEC;Peak CPU Load (%);13/02/2022 20:04;1;;EVM-PWEB02-RNEC;Average CPU Load (%);13/02/2022 20:04;0.973684211
EVM-PWEB02-RNEC;Minimum CPU Load (%);14/02/2022 2:19;1;;EVM-PWEB02-RNEC;Peak CPU Load (%);14/02/2022 2:19;1;;EVM-PWEB02-RNEC;Average CPU Load (%);14/02/2022 2:19;1
EVM-PWEB02-RNEC;Minimum CPU Load (%);14/02/2022 8:34;0;;EVM-PWEB02-RNEC;Peak CPU Load (%);14/02/2022 8:34;4;;EVM-PWEB02-RNEC;Average CPU Load (%);14/02/2022 8:34;1.052631579
EVM-PWEB02-RNEC;Minimum CPU Load (%);14/02/2022 14:49;0;;EVM-PWEB02-RNEC;Peak CPU Load (%);14/02/2022 14:49;1;;EVM-PWEB02-RNEC;Average CPU Load (%);14/02/2022 14:49;0.972972973
EVM-PWEB02-RNEC;Minimum CPU Load (%);14/02/2022 21:04;1;;EVM-PWEB02-RNEC;Peak CPU Load (%);14/02/2022 21:04;1;;EVM-PWEB02-RNEC;Average CPU Load (%);14/02/2022 21:04;1
EVM-PWEB02-RNEC;Minimum CPU Load (%);15/02/2022 3:19;0;;EVM-PWEB02-RNEC;Peak CPU Load (%);15/02/2022 3:19;3;;EVM-PWEB02-RNEC;Average CPU Load (%);15/02/2022 3:19;1.027027027
EVM-PWEB02-RNEC;Minimum CPU Load (%);15/02/2022 9:34;0;;EVM-PWEB02-RNEC;Peak CPU Load (%);15/02/2022 9:34;1;;EVM-PWEB02-RNEC;Average CPU Load (%);15/02/2022 9:34;0.973684211
EVM-PWEB02-RNEC;Minimum CPU Load (%);15/02/2022 15:49;0;;EVM-PWEB02-RNEC;Peak CPU Load (%);15/02/2022 15:49;1;;EVM-PWEB02-RNEC;Average CPU Load (%);15/02/2022 15:49;0.972972973
